{"loss": [0.2112288475036621, 0.09403923898935318, 0.06635429710149765, 0.05175887048244476, 0.040750592947006226, 0.03426194563508034, 0.031637661159038544, 0.025833815336227417, 0.0252081211656332, 0.020933600142598152, 0.019675303250551224, 0.01874605193734169, 0.019099073484539986, 0.015521741472184658, 0.017800405621528625, 0.012895549647510052, 0.014897712506353855, 0.013522777706384659, 0.011364465579390526, 0.014702213928103447, 0.01272563822567463, 0.011272680945694447, 0.012601065449416637, 0.011688069440424442, 0.011450600810348988], "val_loss": [0.1280910223722458, 0.09794806689023972, 0.08030163496732712, 0.06538788974285126, 0.07297302037477493, 0.07349516451358795, 0.09117982536554337, 0.0888076201081276, 0.08822411298751831, 0.08830674737691879, 0.11620619893074036, 0.10968279838562012, 0.09964389353990555, 0.108482226729393, 0.09976156055927277, 0.11438315361738205, 0.10739512741565704, 0.10268671810626984, 0.11943115293979645, 0.11259263753890991, 0.1285504698753357, 0.1264425367116928, 0.10739078372716904, 0.1369679868221283, 0.12886516749858856], "accuracy": [0.9354000091552734, 0.9712666869163513, 0.9798833131790161, 0.9838500022888184, 0.9872666597366333, 0.9892833232879639, 0.989883303642273, 0.9919166564941406, 0.9918333292007446, 0.9932000041007996, 0.993483304977417, 0.9941333532333374, 0.994350016117096, 0.9954000115394592, 0.9948166608810425, 0.996066689491272, 0.9957166910171509, 0.9961166381835938, 0.9966833591461182, 0.9958833456039429, 0.9966166615486145, 0.9966166615486145, 0.996399998664856, 0.9970166683197021, 0.9971666932106018], "val_accuracy": [0.9598000049591064, 0.9707000255584717, 0.9749000072479248, 0.9789999723434448, 0.978600025177002, 0.9817000031471252, 0.9763000011444092, 0.9775000214576721, 0.9783999919891357, 0.9782999753952026, 0.9763000011444092, 0.9772999882698059, 0.9779000282287598, 0.9789999723434448, 0.9804999828338623, 0.977400004863739, 0.9789999723434448, 0.9812999963760376, 0.9797999858856201, 0.9807999730110168, 0.9801999926567078, 0.9811000227928162, 0.9837999939918518, 0.9793000221252441, 0.9810000061988831]}