{"loss": [0.24298112094402313, 0.08461658656597137, 0.06512072682380676, 0.05602334067225456, 0.047779664397239685, 0.04480598121881485, 0.04191000387072563, 0.03859187290072441, 0.038352079689502716, 0.037129081785678864, 0.034848403185606, 0.03480914235115051, 0.034406036138534546, 0.032977502793073654, 0.03114095702767372, 0.029262088239192963, 0.032317209988832474, 0.03191269561648369, 0.028517501428723335, 0.028439927846193314, 0.02876892499625683, 0.03063362091779709, 0.02737162448465824, 0.028266075998544693, 0.02870861627161503], "val_loss": [0.04876357316970825, 0.03947562351822853, 0.027730349451303482, 0.02832801826298237, 0.025164620950818062, 0.028687292709946632, 0.022748028859496117, 0.021753273904323578, 0.024381110444664955, 0.027558734640479088, 0.021865472197532654, 0.023505447432398796, 0.026260094717144966, 0.024467846378684044, 0.023146934807300568, 0.023376142606139183, 0.02766084298491478, 0.02162509225308895, 0.024567430838942528, 0.0244685597717762, 0.024190975353121758, 0.025244878605008125, 0.022361591458320618, 0.02462313137948513, 0.024171389639377594], "accuracy": [0.921500027179718, 0.9732499718666077, 0.979116678237915, 0.9823833107948303, 0.9843500256538391, 0.9858166575431824, 0.9862499833106995, 0.9872499704360962, 0.9876499772071838, 0.9883166551589966, 0.989216685295105, 0.9890666604042053, 0.9891666769981384, 0.9891666769981384, 0.9896833300590515, 0.9900500178337097, 0.9897500276565552, 0.9899500012397766, 0.9907166957855225, 0.9907833337783813, 0.9909999966621399, 0.9903166890144348, 0.9911333322525024, 0.9909499883651733, 0.9909166693687439], "val_accuracy": [0.9851999878883362, 0.9872999787330627, 0.9908999800682068, 0.989799976348877, 0.9918000102043152, 0.9908999800682068, 0.9921000003814697, 0.992900013923645, 0.9914000034332275, 0.991100013256073, 0.9932000041007996, 0.9926000237464905, 0.9919000267982483, 0.9929999709129333, 0.9925000071525574, 0.9922999739646912, 0.9915000200271606, 0.9933000206947327, 0.9922999739646912, 0.9925000071525574, 0.9926000237464905, 0.9922000169754028, 0.9930999875068665, 0.9927999973297119, 0.992900013923645]}